S	Florida
C	State Facilities
A	Florida Department of Corrections, FL
F	Apalachee Correctional Institution, East Unit	102
F	Apalachee Correctional Institution, West Unit	101
F	ATLANTIC W.R.C.	452
F	Avon Park Correctional Institution	503
F	Avon Park Work Camp	504
F	Baker Correctional Institution	279
F	Baker Re- Entry	275
F	Baker Work Camp	261
F	Bay Correctional and Rehabilitation Facility	112
F	Blackwater River Correctional Facility	185
F	Calhoun Correctional Institution	105
F	Calhoun Correctional Institution, Work Camp	165
F	Central Florida Reception Center	320
F	Central Florida Reception Center (East)	321
F	Central Florida Reception Center -South	323
F	Century Correctional Institution	106
F	Century Correctional Institution, Work Camp	167
F	Charlotte Correctional Institution	510
F	Cocoa WRC	341
F	Columbia Annex	251
F	Columbia Correctional Institution	201
F	Columbia Work Camp	264
F	Cross City Correctional Institution	211
F	Cross City East Unit	269
F	Cross City Work Camp	262
F	Dade Correctional Institution	463
F	Daytona WRC	242
F	DeSoto Annex	564
F	DeSoto Work Camp	560
F	Everglades Correctional Institution	401
F	Everglades Re – Entry	441
F	Florida State Prison	205
F	Florida State Prison West Unit	206
F	Florida Women's Reception Center	368
F	Fort Myers Work Camp	544
F	Fort Pierce WRC	444
F	Franklin Correctional Institution	113
F	Franklin Correctional Institution, Work Camp	124
F	Gadsden Correctional Facility Media Services	111
F	Gadsden Re-Entry Center	144
F	Gainesville Correctional Institution	277
F	Gainesville Work Camp	240
F	Graceville Correctional Facility	159
F	Graceville Work Camp	160
F	GULF C.I.- ANNEX	150
F	Gulf Correctional Institution	109
F	Gulf Forestry Camp	170
F	Hamilton Annex	250
F	Hamilton Correctional Institution	215
F	Hamilton Work Camp	263
F	Hardee Correctional Institution	501
F	Hardee Work Camp	563
F	Hernando Correctional Institution	336
F	Hollywood WRC	446
F	Holmes Correctional Institution	107
F	Holmes Work Camp	162
F	Homestead Correctional Institution	419
F	Jackson Correctional Institution	104
F	Jackson Work Camp	166
F	Jefferson Correctional Institution	103
F	Kissimmee WRC	374
F	Lake City Correctional Facility	219
F	Lake City WRC	249
F	Lake Correctional Institution	312
F	Lancaster Correctional Institution	281
F	Lancaster Work Camp	280
F	Largo Road Prison	552
F	Lawtey Correctional Institution	255
F	Liberty Correctional Institution	120
F	Liberty South	142
F	Liberty Work Camp	121
F	Lowell Annex	367
F	Lowell Correctional Institution	314
F	Lowell Work Camp	316
F	Loxahatchee R.P.	431
F	Madison Correctional Institution - FL	216
F	Madison Work Camp	289
F	Marion Correctional Institution - FL	304
F	Marion Work Camp	364
F	Martin Correctional Institution	430
F	Martin Work Camp	420
F	Mayo Annex	223
F	Mayo Work Camp	265
F	Miami North WRC (Male)	427
F	Moore Haven Correctional Facility	511
F	New River Correctional Institution	210
F	New River East Correctional Institution	NAFL3
F	New River West Correctional Institution	NAFL4
F	Northwest Florida Reception Center (Annex)	125
F	Northwest Florida Reception Center- Main Unit	110
F	Okaloosa Correctional Institution	115
F	Okaloosa Work Camp	161
F	Okeechobee Correctional Institution	404
F	Okeechobee Work Camp	407
F	Opa Locka WRC	473
F	Orlando WRC (Female)	361
F	Panama City WRC	153
F	Pensacola WRC	164
F	Pinellas WRC	554
F	Polk Correctional Institution	580
F	Polk Work Camp	562
F	Putnam Correctional Institution	214
F	Quincy Annex	139
F	Reception and Medical Center-West Unit	208
F	River Junction Work Camp	114
F	RMC Main Unit	209
F	RMC Work Camp	221
F	SAGO PALM RE-ENTRY C	464
F	Santa Fe WRC	266
F	Santa Rosa (Annex)	135
F	Santa Rosa Correctional Institution	119
F	Santa Rosa Work Camp	127
F	South Bay Correctional Facility	405
F	South Florida Reception Center	402
F	South Florida Reception Center (South Unit)	403
F	St. Petersburg WRC	583
F	Sumter Annex	305
F	Sumter B.T.U	308
F	Sumter Correctional Institution	307
F	Sumter Work Camp	365
F	SUWANNEE C.I	230
F	SUWANNEE C.I. ANNEX	231
F	Suwannee Work Camp	232
F	Tallahassee W.R.C.	168
F	Tarpon Springs WRC	572
F	Taylor ANNEX	224
F	Taylor Correctional Institution	218
F	Taylor Work Camp	227
F	Tomoka Correctional Institution	282
F	Tomoka Work Camp	284
F	Union Correctional Institution	213
F	Union Work Camp	268
F	W. Palm Beach WRC	469
F	Wakulla Annex	122
F	Wakulla Correctional Institution	118
F	Wakulla Work Camp	173
F	Walton Correctional Institution	108
F	Walton Work Camp	172
F	Zephyrhills Correctional Institution	573
A	HARDEE COUNTY JAIL, FL
F	HARDEE COUNTY JAIL, FL	19065
A	MTC - Florida Miami North WRC Male
F	MTC – Florida Miami North WRC Male	MTCFL-MIAMIN
A	MTC – Florida Panama City WRC
F	MTC – Florida Panama City WRC	MTCFL-PANAMA
C	County Jails
A	BROWARD COUNTY SHERIFFS OFFICE
F	JOSEPH CONTE DETENTION	19071
A	Citrus County Detention Facility, FL
F	Citrus County Detention Facility	06868
A	Leon County Jail, FL
F	Leon county Jail	07596
A	Madison Co Jail, FL
F	Madison Co Jail, FL	00624
A	Miami Dade County Detention Center
F	MIAMI DADE COUNTY BOOT CAMP (BCP)	19029
F	MIAMI DADE COUNTY BOOT CAMP (BCP)	19029-T1
F	MIAMI DADE COUNTY BOOT CAMP (BCP)	19029-T2
F	MIAMI DADE COUNTY BOOT CAMP (BCP)	19029-T3
F	MIAMI DADE COUNTY BOOT CAMP (BCP)	19029-T4
F	MIAMI DADE COUNTY METRO WEST DETENTION CENTER (MWDC)	19028
F	MIAMI DADE COUNTY METRO WEST DETENTION CENTER (MWDC)	19028-T1
F	MIAMI DADE COUNTY METRO WEST DETENTION CENTER (MWDC)	19028-T2
F	MIAMI DADE COUNTY METRO WEST DETENTION CENTER (MWDC)	19028-T3
F	MIAMI DADE COUNTY METRO WEST DETENTION CENTER (MWDC)	19028-T4
F	Miami-Dade County Corrections and Rehabilitation	MIA
F	MIAMI-DADE COUNTY PRETRIAL DETENTION CENTER (PTDC)	19030
F	MIAMI-DADE COUNTY PRETRIAL DETENTION CENTER (PTDC)	19030-T1
F	MIAMI-DADE COUNTY PRETRIAL DETENTION CENTER (PTDC)	19030-T2
F	MIAMI-DADE COUNTY PRETRIAL DETENTION CENTER (PTDC)	19030-T3
F	MIAMI-DADE COUNTY PRETRIAL DETENTION CENTER (PTDC)	19030-T4
F	MIAMI-DADE COUNTY TGK CORRECTIONAL CENTER (TGK)	19031
F	MIAMI-DADE COUNTY TGK CORRECTIONAL CENTER (TGK)	19031-T1
F	MIAMI-DADE COUNTY TGK CORRECTIONAL CENTER (TGK)	19031-T2
F	MIAMI-DADE COUNTY TGK CORRECTIONAL CENTER (TGK)	19031-T3
F	MIAMI-DADE COUNTY TGK CORRECTIONAL CENTER (TGK)	19031-T4
A	Okaloosa County Jail
F	Okaloosa County Jail	Okaloosa County Jail
A	Palm Beach Co Sheriffs Office, FL
F	Palm Beach Bell Glade Det	19091
F	Palm Beach Main Det	19092
A	Pinellas County Jail, FL
F	Pinellas County Jail, FL	04751
C	Parole and Probation Locations
A	Florida Court Ordered Payments
F	FL Court Ordered Payments
