# state	agency (exact name from the facility list)	official website
Arizona	AZ Community Supervision	https://corrections.az.gov
Arizona	AZ DOC Inmate Services	https://corrections.az.gov
Arizona	AZ Visitor background	https://corrections.az.gov
Arizona	Yavapai County Sheriff’s Office, AZ	https://www.ycsoaz.gov
Arkansas	Arkansas DOC	https://doc.arkansas.gov
California	California Department of Corrections & Rehabilitation	https://www.cdcr.ca.gov
California	Kern County, CA	https://www.kernsheriff.org
California	Sacramento Co, CA	https://www.sacsheriff.com
California	Ventura County, CA	https://sheriff.venturacounty.gov
Colorado	Denver County Jail, CO	https://www.denvergov.org/Government/Agencies-Departments-Offices/Agencies-Departments-Offices-Directory/Sheriff-Department
Colorado	Jefferson County Sheriff's Detention Facility	https://www.jeffcosheriffco.gov
Connecticut	Connecticut Department of Correction	https://portal.ct.gov/doc
Florida	Florida Department of Corrections, FL	https://www.fdc.myflorida.com
Florida	MTC - Florida Miami North WRC Male	https://www.mtctrains.com
Florida	MTC – Florida Panama City WRC	https://www.mtctrains.com
Florida	BROWARD COUNTY SHERIFFS OFFICE	https://www.sheriff.org
Florida	Citrus County Detention Facility, FL	https://www.sheriffcitrus.org
Florida	Leon County Jail, FL	https://www.leoncountyso.com
Florida	Miami Dade County Detention Center	https://www.miamidade.gov/global/corrections/home.page
Florida	Palm Beach Co Sheriffs Office, FL	https://www.pbso.org
Florida	Pinellas County Jail, FL	https://www.pinellassheriff.gov
Florida	Florida Court Ordered Payments	https://www.fdc.myflorida.com
Georgia	Georgia Department of Corrections	https://gdc.georgia.gov
Georgia	Georgia Department of Juvenile Justice	https://djj.georgia.gov
Georgia	Georgia Probation Payments	https://dcs.georgia.gov
Georgia	Forsyth County Detention Center	https://www.forsythsheriff.org
Illinois	Illinois Department of Corrections	https://idoc.illinois.gov
Iowa	Iowa Department Of Corrections	https://doc.iowa.gov
Kentucky	Kentucky Adult Institutions	https://corrections.ky.gov
Louisiana	Louisiana Department of Corrections	https://doc.la.gov
Maryland	PRINCE GEORGES COUNTY DOC	https://www.princegeorgescountymd.gov/departments-offices/corrections
Massachusetts	Massachusetts Dept of Corrections	https://www.mass.gov/orgs/massachusetts-department-of-correction
Massachusetts	NORFOLK COUNTY CORRECTIONAL CENTER, MA	https://www.norfolksheriff.com
Massachusetts	Bristol County, MA	https://www.bcso-ma.us
Massachusetts	Essex County Middleton Jail, MA	https://www.essexsheriffma.org
Massachusetts	Middlesex Co, MA	https://www.middlesexsheriff.org
Massachusetts	Plymouth County Correctional Facility, MA	https://www.pcsdma.org
Massachusetts	Suffolk Co Sheriffs Dept, MA	https://www.scsdma.org
Michigan	Michigan Department of Corrections	https://www.michigan.gov/corrections
Michigan	Macomb County Jail	https://www.macombgov.org/departments/sheriffs-office
Minnesota	Minnesota Department of Corrections	https://mn.gov/doc/
Minnesota	Minnesota Department of Human Services	https://mn.gov/dhs/
Minnesota	Dakota Co Sheriffs Dept, MN	https://dakotacountymn.gov/government/county-sheriff
Mississippi	Mississippi DOC Community Corrections	https://www.mdoc.ms.gov
Missouri	Missouri Department of Corrections	https://doc.mo.gov
Missouri	St Louis Co Jail, MO	https://stlouiscountymo.gov
New Jersey	New Jersey Department of Corrections	https://www.nj.gov/corrections/
New York	NYS DOCCS Inmate Services	https://doccs.ny.gov
New York	New York City Department of Correction	https://www.nyc.gov/site/doc/index.page
North Carolina	NCDPS- Inmate Trust Fund Deposit	https://www.dac.nc.gov
North Dakota	North Dakota Department of Corrections	https://www.docr.nd.gov
North Dakota	North Dakota Parole and Probation	https://www.docr.nd.gov
Ohio	Cuyahoga County Justice Center, OH	https://cuyahogacounty.gov/sheriff
Oklahoma	Oklahoma Department of Corrections	https://oklahoma.gov/doc.html
Oklahoma	Oklahoma County Jail	https://okcountydc.net
Oregon	Oregon Department of Corrections	https://www.oregon.gov/doc
Oregon	Washington County, OR	https://www.washingtoncountyor.gov/sheriff
Pennsylvania	Pennsylvania Department of Corrections	https://www.pa.gov/agencies/cor
Rhode Island	Rhode Island Department of Correction	https://doc.ri.gov
Tennessee	Community Supervision Fees - Tennessee Department of Correction	https://www.tn.gov/correction.html
Tennessee	Tennessee Department Of Correction	https://www.tn.gov/correction.html
Texas	TDCJ Confinee Centers	https://www.tdcj.texas.gov
Texas	Texas Department of Criminal Justice	https://www.tdcj.texas.gov
Texas	Dallas County Jail, TX	https://www.dallascounty.org/departments/sheriff/
Texas	Harris County Sheriffs Office, TX	https://www.harriscountyso.org
Texas	Montgomery County Jail, TX	https://www.mctxsheriff.org
Texas	Travis County Correctional Complex	https://tcsheriff.org
Utah	Weber County Correctional Facility, UT	https://www.webercountyutah.gov/sheriff/
Virginia	Virginia Department of Corrections	https://vadoc.virginia.gov
Virginia	Arlington County Detention Center, VA	https://www.arlingtonva.us/Government/Departments/Sheriffs-Office
Washington	Washington State Department of Corrections	https://doc.wa.gov
Washington	King County, WA	https://kingcounty.gov/en/dept/dajd
